[
    {
        "name": "psr/log",
        "version": "1.1.0",
        "version_normalized": "1.1.0.0",
        "source": {
            "type": "git",
            "url": "https://github.com/php-fig/log.git",
            "reference": "6c001f1daafa3a3ac1d8ff69ee4db8e799a654dd"
        },
        "dist": {
            "type": "zip",
            "url": "https://api.github.com/repos/php-fig/log/zipball/6c001f1daafa3a3ac1d8ff69ee4db8e799a654dd",
            "reference": "6c001f1daafa3a3ac1d8ff69ee4db8e799a654dd",
            "shasum": ""
        },
        "require": {
            "php": ">=5.3.0"
        },
        "time": "2018-11-20T15:27:04+00:00",
        "type": "library",
        "extra": {
            "branch-alias": {
                "dev-master": "1.0.x-dev"
            }
        },
        "installation-source": "dist",
        "autoload": {
            "psr-4": {
                "Psr\\Log\\": "Psr/Log/"
            }
        },
        "notification-url": "https://packagist.org/downloads/",
        "license": [
            "MIT"
        ],
        "authors": [
            {
                "name": "PHP-FIG",
                "homepage": "http://www.php-fig.org/"
            }
        ],
        "description": "Common interface for logging libraries",
        "homepage": "https://github.com/php-fig/log",
        "keywords": [
            "log",
            "psr",
            "psr-3"
        ]
    }
]
